permit_number,lease_name,operator_name,operator_number,county_code,county_name,district,issue_date,received_date,amended_date,extended_date,spud_date,well_number,well_status,total_depth,application_type,app_type_desc,horizontal_flag,directional_flag,sidetrack_flag,surface_section,surface_block,surface_survey,surface_abstract,gis_surface_lat,gis_surface_lon,gis_bottomhole_lat,gis_bottomhole_lon,field_count,field_numbers,lease_count,survey_count,restriction_count,remark_count,address
0911587,ENERGY TRANSFER FUEL,ENERGY TRANSFER COMPANY,252017,001,Anderson,06,11/05/2025,11/04/2025,,,,9A,,6100,01,Drill,N,N,N,,,"LEWIS, A M",481,31.8884969,-95.9133597,31.8884969,-95.9133597,1,07550700,1,0,1,4,00 MAIN STREET
0911509,KTM 4795OP,OCCIDENTAL PERMIAN LTD.,617544,003,Andrews,10,11/06/2025,10/30/2025,,,,3H,,12000,01,Drill,Y,N,N,7      4,1 T2N,G&MMB&A,268,32.1796576,-102.4089551,32.1590991,-102.3978843,1,61130001,0,1,2,16,
0911633,LECHWE UNIT,"PILLAR EFS, LLC",665543,013,Atascosa,01,11/07/2025,11/05/2025,,,,2H,,9500,01,Drill,Y,N,N,,,"DE LA GARZA, J",318,28.9097706,-98.2643928,28.8950594,-98.2508124,1,27135700,0,1,2,16,
0911634,LECHWE UNIT,"PILLAR EFS, LLC",665543,013,Atascosa,01,11/07/2025,11/05/2025,,,,3H,,9500,01,Drill,Y,N,N,,,"DE LA GARZA, J",318,28.9098149,-98.2643329,28.8950944,-98.2479806,1,27135700,0,1,2,16,
0910336,BUCHANAN 68-54 A UNIT,"HIGHPEAK ENERGY HOLDINGS, LLC",385826,033,Borden,11,09/23/2025,09/28/2025,11/03/2025,,,A  3H,,7500,01,Drill,Y,N,N,2      2,5,"H&TC RR CO / AINSWORTH, J M",1044,32.600771,-101.2404745,32.5631742,-101.2326151,1,85280300,1,1,1,16,
0910337,BUCHANAN 68-54 B UNIT,"HIGHPEAK ENERGY HOLDINGS, LLC",385826,033,Borden,11,09/12/2025,09/28/2025,11/03/2025,,,A  5H,,7500,01,Drill,Y,N,N,2      2,5,"H&TC RR CO / AINSWORTH, J M",1044,32.6007687,-101.2403934,32.563107,-101.2299126,1,85280300,1,1,1,16,
0910335,BUCHANAN 68-54 B UNIT,"HIGHPEAK ENERGY HOLDINGS, LLC",385826,033,Borden,11,09/23/2025,09/28/2025,11/03/2025,,,L  5H,,7500,01,Drill,Y,N,N,2      2,5,"H&TC RR CO / AINSWORTH, J M",1044,32.6007663,-101.2403122,32.5631425,-101.2313403,1,85280300,1,1,1,16,
0910270,UL SALT CREEK 22501 A 30-19-18,"BTA OIL PRODUCERS, LLC",041867,103,Crane,10,09/15/2025,11/06/2025,11/07/2025,,10/29/2025,07H,,10050,01,Drill,Y,N,N,0      3,0,UL,,31.4784672,-102.4019027,31.5137638,-102.4094894,1,69996200,1,1,2,16,
0910298,UL SALT CREEK 22501 B 30-19-18,"BTA OIL PRODUCERS, LLC",041867,103,Crane,10,09/10/2025,11/06/2025,11/07/2025,,10/30/2025,08H,,10050,01,Drill,Y,N,N,0      3,0,UL,,31.4784451,-102.4019956,31.5127835,-102.4135827,1,69996200,1,1,2,16,
0911530,SHANNON ESTATE,"ASPEN OPERATING COMPANY, L.L.C.",035430,105,Crockett,09,11/04/2025,11/03/2025,,,,44,,3000,07,Re-enter,N,N,N,,,ARCHER CSL,1872,30.8549363,-101.72469,30.8549363,-101.72469,1,67284001,0,0,3,4,
0911478,SIMPSON CANYON 1045,"SURGE SOLUTIONS, INC.",760737,105,Crockett,09,11/07/2025,10/29/2025,,,,1,,5900,07,Re-enter,N,N,N,5      H,H,GC&SF RR CO,3331,30.9613935,-101.8890894,30.9613935,-101.8890894,1,09903475,1,0,2,4,
0911599,STATE SECRETARIAT UNIT,CIMAREX ENERGY CO.,153438,109,Culberson,10,11/06/2025,11/05/2025,,,,1H,,11000,01,Drill,Y,N,N,6,0 T2,T&P RR CO,2821,31.8782436,-104.2919926,31.908548,-104.299479,1,31913800,0,1,2,16,
0911603,STATE SECRETARIAT UNIT,CIMAREX ENERGY CO.,153438,109,Culberson,10,11/06/2025,11/05/2025,,,,2H,,11000,01,Drill,Y,N,N,6,0 T2,T&P RR CO,2821,31.8783396,-104.2919926,31.9085659,-104.2968781,1,31913800,0,1,2,16,
0911606,STATE SECRETARIAT UNIT,CIMAREX ENERGY CO.,153438,109,Culberson,10,11/06/2025,11/05/2025,,,,3H,,11000,01,Drill,Y,N,N,6,0 T2,T&P RR CO,2821,31.8782436,-104.2919286,31.9085829,-104.2942772,1,31913800,0,1,2,16,
0911609,STATE SECRETARIAT UNIT,CIMAREX ENERGY CO.,153438,109,Culberson,10,11/06/2025,11/05/2025,,,,4H,,11000,01,Drill,Y,N,N,6,0 T2,T&P RR CO,2821,31.8783396,-104.2919286,31.9086009,-104.2916773,1,31913800,0,1,2,16,
0911610,STATE SECRETARIAT UNIT,CIMAREX ENERGY CO.,153438,109,Culberson,10,11/06/2025,11/05/2025,,,,5H,,11000,01,Drill,Y,N,N,6,0 T2,T&P RR CO,2821,31.8782436,-104.2918636,31.9086168,-104.2892083,1,31913800,0,1,2,16,
0911611,STATE SECRETARIAT UNIT,CIMAREX ENERGY CO.,153438,109,Culberson,10,11/06/2025,11/05/2025,,,,6H,,11000,01,Drill,Y,N,N,6,0 T2,T&P RR CO,2821,31.8783396,-104.2918646,31.9086338,-104.2866084,1,31913800,0,1,2,16,
0911612,STATE SECRETARIAT UNIT,CIMAREX ENERGY CO.,153438,109,Culberson,10,11/06/2025,11/05/2025,,,,7H,,11000,01,Drill,Y,N,N,6,0 T2,T&P RR CO,2821,31.8782436,-104.2917996,31.9087548,-104.2840075,1,31913800,0,1,2,16,
0911616,HEARTSBANE 47,"BIRCH OPERATIONS, INC.",071331,115,Dawson,11,11/07/2025,11/05/2025,,,,1WI,,8600,01,Drill,N,N,N,7      3,4 T4N,T&P RR CO,63,32.5535787,-101.7135951,32.5535787,-101.7135951,1,85280300,0,0,2,10,
0910605,YARBROUGH B ET AL GU 5 (AW),"BKV BARNETT, LLC",072504,121,Denton,13,11/04/2025,09/22/2025,,,,5H,,16949,01,Drill,Y,N,N,,,"BURN, J A",132,33.1824669,-97.2305681,33.1971886,-97.2522841,1,65280200,0,1,1,16,
0910606,YARBROUGH B ET AL GU 6 (AW),"BKV BARNETT, LLC",072504,121,Denton,13,11/05/2025,09/22/2025,,,,6H,,19806,01,Drill,Y,N,N,,,"BURN, J A",132,33.1824652,-97.2303704,33.2074373,-97.259156,1,65280200,0,1,1,16,
0910607,YARBROUGH B ET AL GU 7 (AW),"BKV BARNETT, LLC",072504,121,Denton,13,11/05/2025,09/22/2025,,,,7H,,22972,01,Drill,Y,N,N,,,"BURN, J A",132,33.1824645,-97.2303049,33.2082169,-97.2558719,1,65280200,0,1,1,16,
0910609,YARBROUGH B ET AL GU 8 (AW),"BKV BARNETT, LLC",072504,121,Denton,13,11/03/2025,09/22/2025,,,,U  8H,,16900,01,Drill,Y,N,N,,,"BURN, J A",132,33.182461,-97.2302362,33.2006477,-97.2428284,1,65280200,0,1,1,16,
0911541,HANSEN A,"DEVON ENERGY PRODUCTION CO, L.P.",216378,123,DeWitt,02,11/05/2025,11/03/2025,,,,10H,,14000,01,Drill,Y,N,N,,,J. HARWOOD,213,29.2364149,-97.3842361,29.222575,-97.378351,1,27135750,0,1,2,16,
0911542,HANSEN A,"DEVON ENERGY PRODUCTION CO, L.P.",216378,123,DeWitt,02,11/05/2025,11/03/2025,,,,11H,,14000,01,Drill,Y,N,N,,,"HARWOOD, J",213,29.2364058,-97.3841586,29.222445,-97.377323,1,27135750,0,1,2,16,
0911543,HANSEN A,"DEVON ENERGY PRODUCTION CO, L.P.",216378,123,DeWitt,02,11/05/2025,11/03/2025,,,,12H,,14000,01,Drill,Y,N,N,,,J. HARWOOD,213,29.2363869,-97.384003,29.222397,-97.375644,1,27135750,0,1,2,16,
0911547,HANSEN A,"DEVON ENERGY PRODUCTION CO, L.P.",216378,123,DeWitt,02,11/05/2025,11/03/2025,,,,13H,,14000,01,Drill,Y,N,N,,,"HARWOOD, J",213,29.2363682,-97.3838479,29.222264,-97.373855,1,27135750,0,1,2,16,
0911548,HANSEN A,"DEVON ENERGY PRODUCTION CO, L.P.",216378,123,DeWitt,02,11/05/2025,11/03/2025,,,,15H,,14000,01,Drill,Y,N,N,,,"HARWOOD, J",213,29.2363774,-97.3839256,29.222287,-97.374293,1,27135750,0,1,2,16,
0911549,HANSEN A,"DEVON ENERGY PRODUCTION CO, L.P.",216378,123,DeWitt,02,11/05/2025,11/03/2025,,,,16H,,14000,01,Drill,Y,N,N,,,"HARWOOD, J",213,29.2363963,-97.3840809,29.222496,-97.376862,1,27135750,0,1,2,16,
0911551,MUIR D,"DEVON ENERGY PRODUCTION CO, L.P.",216378,123,DeWitt,02,11/07/2025,11/03/2025,,,,16H,,14000,01,Drill,Y,N,N,,,J. HARWOOD,213,29.2363588,-97.3837703,29.222209,-97.372804,1,27135750,0,1,2,16,
0911574,COMPIEGNE WAGON B,VERDUN OIL & GAS LLC,884566,127,Dimmit,01,11/04/2025,11/03/2025,,,,2H,,8000,01,Drill,Y,N,N,2,,I&GN RR CO,524,28.3259879,-99.5015525,28.3351458,-99.5289412,1,12018200,0,1,2,21,
0911576,COMPIEGNE WAGON D,VERDUN OIL & GAS LLC,884566,127,Dimmit,01,11/04/2025,11/03/2025,,,,4H,,8000,01,Drill,Y,N,N,2,,I&GN RR CO,524,28.3259894,-99.5014282,28.3294173,-99.5289745,1,12018200,0,1,2,16,
0911635,SOJO-TOUCHSTONE,L.C.S. PRODUCTION COMPANY,479574,151,Fisher,08,11/06/2025,11/05/2025,,,,15,,5400,14,,N,N,N,1,9,T&P RR CO,1120,32.6164511,-100.1633709,32.6164511,-100.1633709,1,48422500,1,0,1,4,
0911556,ADAIR SAN ANDRES UNIT,HILCORP ENERGY COMPANY,386310,165,Gaines,11,11/06/2025,11/03/2025,,,,1215R,,5000,01,Drill,N,N,N,7      C,31,"PSL/ WEST, W R",664,32.9527333,-102.2889699,32.9527333,-102.2889699,1,00570001,1,0,3,4,
0911563,ADAIR SAN ANDRES UNIT,HILCORP ENERGY COMPANY,386310,165,Gaines,11,11/06/2025,11/03/2025,,,,1217R,,5000,01,Drill,N,N,N,7      C,31,"PSL/ WEST, W R",664,32.9527311,-102.2849751,32.9527311,-102.2849751,1,00570001,1,0,3,4,
0911566,ADAIR SAN ANDRES UNIT,HILCORP ENERGY COMPANY,386310,165,Gaines,11,11/05/2025,11/03/2025,,,,2313R,,5000,01,Drill,N,N,N,C,31,"PSL/ MEARS, F J",2055,32.9414169,-102.2977653,32.9414169,-102.2977653,1,00570001,1,0,3,4,
0910984,BALLER,"BLACK SWAN OPCO, LLC",101935,173,Glasscock,10,11/04/2025,10/08/2025,,,,1H,,12500,01,Drill,Y,N,N,7      3,6,T. & P. R.R. CO.,379,32.0585063,-101.7683018,32.0831475,-101.7869359,1,33998500,0,1,2,16,13 SOUTH KELLY AVE               ST
0910985,BALLER,"BLACK SWAN OPCO, LLC",101935,173,Glasscock,10,11/04/2025,10/08/2025,,,,2H,,12500,01,Drill,Y,N,N,7      3,6 T1S,T&P RR CO,379,32.0585236,-101.7682246,32.0842263,-101.7821257,1,33998500,0,1,2,16,13 SOUTH KELLY AVE               ST
0910988,SHOTCALLER,"BLACK SWAN OPCO, LLC",101935,173,Glasscock,10,11/05/2025,10/08/2025,,,,3H,,12500,01,Drill,Y,N,N,7      3,6 T1S,T&P RR CO,379,32.058541,-101.7681474,32.0853078,-101.7772993,1,33998500,0,1,2,16,13 SOUTH KELLY AVE               ST
0911000,SHOTCALLER,"BLACK SWAN OPCO, LLC",101935,173,Glasscock,10,11/05/2025,10/08/2025,,,,4H,,12500,01,Drill,Y,N,N,7      3,6 T1S,T&P RR CO,379,32.0585611,-101.7680702,32.0863573,-101.7726176,1,33998500,0,1,2,16,13 SOUTH KELLY AVE               ST
0911432,CUDA 46-3 E,DIAMONDBACK E&P LLC,217012,173,Glasscock,10,11/05/2025,10/28/2025,,,,2WB,,12500,01,Drill,Y,N,N,6      3,6 T4S,"T&P RR CO/HOLDER, T E",1105,31.726816,-101.688284,31.700256,-101.679976,1,85280300,0,1,1,16,
0911437,CUDA 46-3 I,DIAMONDBACK E&P LLC,217012,173,Glasscock,10,11/05/2025,10/28/2025,,,,4WA,,12500,01,Drill,Y,N,N,6      3,6 T4S,"T&P RR CO/HOLDER, T E",1105,31.728785,-101.680019,31.7017055,-101.6739542,1,85280300,0,1,1,16,
0911441,CUDA 46-3 L,DIAMONDBACK E&P LLC,217012,173,Glasscock,10,11/05/2025,10/28/2025,,,,4WB,,12500,01,Drill,Y,N,N,6      3,6 T4S,"T&P RR CO/HOLDER, T E",1105,31.728804,-101.679942,31.7015412,-101.6746366,1,85280300,0,1,1,16,
0911443,CUDA 46-3 M,DIAMONDBACK E&P LLC,217012,173,Glasscock,10,11/05/2025,10/28/2025,,,,5WB,,12500,01,Drill,Y,N,N,6      3,6 T4S,"T&P RR CO/HOLDER, T E",1105,31.728822,-101.679864,31.7021974,-101.6719102,1,85280300,0,1,1,16,
0909183,ELK POWELL 0893OP,OXY USA INC.,630591,173,Glasscock,10,07/14/2025,10/09/2025,11/07/2025,,09/20/2025,1H,,12000,01,Drill,Y,N,N,3,5 T3S,"T&P RR CO / BRUNSON, D W",930,31.9341222,-101.6802556,31.89925,-101.6675111,1,28899040,1,1,1,15,
0910854,POWELL 08 UNIT,OXY USA INC.,630591,173,Glasscock,10,11/07/2025,10/02/2025,,,,0891OP,,10500,09,,Y,N,N,3,5 T3S,"T&P RR CO / BRUNSON, D W",930,31.9339417,-101.6850083,31.8988187,-101.6751338,1,28899040,1,1,1,16,
0911403,M.A. SCARBROUGH,"SILVER CREEK OIL & GAS, LLC",781909,181,Grayson,13,11/06/2025,10/27/2025,,,,8,,8000,14,,N,Y,N,,,"STICKNEY, E L",1089,33.7441496,-96.880485,33.7461877,-96.8793616,2,57717300; 80631450,1,2,1,23,
0911583,THUNDER VALLEY 11 (AW),"RFE OPERATING, LLC",704776,203,Harrison,06,11/07/2025,11/04/2025,,,,11H,,11575,01,Drill,Y,N,N,14,,"HALL, S P",308,32.5190937,-94.4646107,32.488049,-94.4666479,1,16032300,0,1,1,16,521 US HWY 69 S STE 100
0911525,SLAUGHTER 34-20,V-F PETROLEUM INC.,880375,219,Hockley,11,11/04/2025,10/31/2025,,,,4,,12000,01,Drill,N,N,N,4,,CONCHO CSL,148,33.4571472,-102.4007139,33.4571472,-102.4007139,2,53759333; 53759666,2,0,2,4,BOX 1889
0911621,RICHARDS RANCH,"FX ENERGY OPERATING, LLC",257610,237,Jack,13,11/07/2025,11/05/2025,,,,N 36,,6128,14,,N,N,N,,,"HOPKINS, J E",254,33.1708083,-98.164775,33.1708083,-98.164775,1,12800001,1,0,1,4,
0910874,PUTNAM,"PALOMA OPERATING, LLC",100344,255,Karnes,02,11/04/2025,10/02/2025,,,,1,,9980,14,,N,N,N,,,"GUTIERRES, A F / BLANCO, V",3,28.7776665,-97.6646719,28.7776665,-97.6646719,4,72462001; 72467001; 72467500; 72470666,4,0,1,4,
0911413,FALKS GAS UNIT 1,"REPSOL OIL & GAS USA, LLC",703462,255,Karnes,02,11/07/2025,10/27/2025,,,,A  1H,,13900,01,Drill,Y,N,N,13,,"YORK, J A",302,28.7125527,-97.9836086,28.7283987,-97.9985015,1,86950600,0,1,2,16,
0911414,FALKS GAS UNIT 1,"REPSOL OIL & GAS USA, LLC",703462,255,Karnes,02,11/07/2025,10/27/2025,,,,A  2H,,13900,01,Drill,Y,N,N,13,,"YORK, J A",302,28.7125012,-97.9835867,28.7288921,-97.9969842,1,86950600,0,1,2,16,
0911416,FALKS GAS UNIT 1,"REPSOL OIL & GAS USA, LLC",703462,255,Karnes,02,11/07/2025,10/27/2025,,,,A  3H,,13900,01,Drill,Y,N,N,13,,"YORK, J A",302,28.7124497,-97.9835648,28.729404,-97.9953841,1,86950600,0,1,2,16,
0911417,FALKS GAS UNIT 1,"REPSOL OIL & GAS USA, LLC",703462,255,Karnes,02,11/07/2025,10/27/2025,,,,A  4H,,13900,01,Drill,Y,N,N,13,,"YORK, J A",302,28.7123977,-97.9835428,28.7299506,-97.9938381,1,86950600,0,1,2,16,
0911418,FALKS GAS UNIT 1,"REPSOL OIL & GAS USA, LLC",703462,255,Karnes,02,11/07/2025,10/27/2025,,,,A  5H,,13900,01,Drill,Y,N,N,13,,"YORK, J A",302,28.7123467,-97.9835211,28.7304757,-97.9922199,1,86950600,0,1,2,16,
0911639,"BROWN, WILLIAMS ET AL","DOUBLE M PETROPROPERTIES, INC.",224867,275,Knox,13,11/07/2025,11/06/2025,,,,1,,7000,01,Drill,N,N,N,4,,D&W RR CO,536,33.8028629,-99.8089143,33.8028629,-99.8089143,4,00022001; 04412500; 49959001; 68080500,3,0,1,4,O BOX 232
0911570,RITCHIE FARMS,VERDUN OIL EF II LLC,102886,283,La Salle,01,11/07/2025,11/03/2025,,,,1001H,,8250,01,Drill,Y,N,N,,,"EDSON, A",162,28.4703172,-99.3906912,28.4488046,-99.3796645,1,27135700,0,1,2,16,
0911571,RITCHIE FARMS,VERDUN OIL EF II LLC,102886,283,La Salle,01,11/04/2025,11/03/2025,,,,1002H,,8000,01,Drill,Y,N,N,,,"EDSON, A",162,28.4703722,-99.3906914,28.4943727,-99.406706,1,27135700,0,1,2,16,
0911544,BULLARD UNIT,"EOG RESOURCES, INC.",253162,285,Lavaca,02,11/04/2025,11/03/2025,,,,1H,,14000,01,Drill,Y,N,N,,,"BROWN, J",72,29.467935,-97.0345967,29.4817643,-97.0616122,2,22418500; 27135750,2,2,2,28,
0911550,CHAPMAN UNIT,"EOG RESOURCES, INC.",253162,285,Lavaca,02,11/04/2025,11/03/2025,,,,1H,,14000,01,Drill,Y,N,N,,,"BROWN, J",72,29.4678607,-97.0345957,29.4559322,-96.9999894,1,27135750,1,1,2,21,
0911546,HOLBROOK UNIT,"EOG RESOURCES, INC.",253162,285,Lavaca,02,11/04/2025,11/03/2025,,,,1H,,14000,01,Drill,Y,N,N,,,"BROWN, J",72,29.4680092,-97.0345977,29.4849466,-97.0596909,1,27135750,1,1,2,21,
0911545,MADDOX UNIT,"EOG RESOURCES, INC.",253162,285,Lavaca,02,11/04/2025,11/03/2025,,,,1H,,14000,01,Drill,Y,N,N,,,"BROWN, J",72,29.4677865,-97.0345947,29.4521698,-97.0019931,2,22418500; 27135750,2,2,2,28,
0911476,OBELGONER,"MB ENERGY, LLC",100147,285,Lavaca,02,11/03/2025,10/29/2025,,,,2,,9000,01,Drill,N,N,N,,,"CAMPBELL, J",6,29.4736361,-96.9380306,29.4736361,-96.9380306,10,00004001; 38241325; 38241375; 38241445; 38241500; 38241562; 38241625; 38241750; 38241925; 38245300,0,0,1,4,
0723650,POGUE UNIT A BE G,BURLINGTON RESOURCES O & G CO LP,109333,297,Live Oak,02,09/08/2011,10/28/2025,11/05/2025,,11/11/2011,1,,12600,01,Drill,Y,N,N,22,,"JACOBS, W",266,28.6866748,-98.085071,28.6999357,-98.0946646,1,86950600,1,1,3,13,
0840473,POGUE UNIT A CD,BURLINGTON RESOURCES O & G CO LP,109333,297,Live Oak,02,12/31/2018,10/28/2025,11/06/2025,,10/24/2018,7,,17000,01,Drill,Y,N,N,1,,"HULZAR, J F",221,28.6871384,-98.098027,28.7103655,-98.1100657,1,86950600,1,1,2,12,
0840554,POGUE UNIT A CD G,BURLINGTON RESOURCES O & G CO LP,109333,297,Live Oak,02,12/31/2018,11/05/2025,11/07/2025,,10/22/2018,9,,17000,01,Drill,Y,N,N,1,,"HULZAR, J F",221,28.687138,-98.0979677,28.7104102,-98.1089453,1,86950600,1,1,2,12,
0840547,POGUE UNIT A CDE,BURLINGTON RESOURCES O & G CO LP,109333,297,Live Oak,02,12/31/2018,10/28/2025,11/05/2025,,10/18/2018,8,,17000,01,Drill,Y,N,N,1,,"HULZAR, J F",221,28.6871371,-98.097843,28.7103982,-98.1079783,1,86950600,1,1,2,12,
0910809,POGUE UNIT A E,BURLINGTON RESOURCES O & G CO LP,109333,297,Live Oak,02,11/06/2025,09/30/2025,,,,2,,11857,14,,Y,N,N,1,,"HULZAR, J F",221,28.6973215,-98.0953274,28.709711,-98.1001174,1,86950600,0,1,2,17,
0820924,UL 19 STONEFLY D,PDEH LLC,646827,301,Loving,10,12/13/2016,10/29/2025,11/04/2025,,01/18/2017,1506H,W,12000,01,Drill,Y,N,N,1,9,UL,U8,31.6946472,-103.4250389,31.6649615,-103.4178244,1,71052900,1,1,3,28,
0911579,BRAZOS 1-64,WES WATER HOLDINGS LLC,101366,301,Loving,10,11/04/2025,11/03/2025,,,,1D,,9000,01,Drill,N,N,N,4      1,,"W&NW RR CO / HOBBY, E",952,31.7039199,-103.5369128,31.7039199,-103.5369128,1,96742300,1,0,2,4,
0911578,LLANO 1-61,WES WATER HOLDINGS LLC,101366,301,Loving,10,11/06/2025,11/03/2025,,,,1D,,9000,01,Drill,N,N,N,1      1,,W&NW RR CO,185,31.7125746,-103.4991922,31.7125746,-103.4991922,1,92145500,1,0,2,4,
0911577,TRINITY 1-52,WES WATER HOLDINGS LLC,101366,301,Loving,10,11/04/2025,11/03/2025,,,,1D,,9000,01,Drill,N,N,N,2      1,,"W&NW RR CO / WILLIAMS, B E",452,31.6812616,-103.5063893,31.6812616,-103.5063893,1,92145500,1,0,2,4,
0911555,BILLIKEN (AW),"RFE OPERATING, LLC",704776,315,Marion,06,11/07/2025,11/03/2025,,,,1H,,9700,01,Drill,Y,N,N,,,"LANE, D",241,32.73947,-94.222681,32.7132,-94.213899,1,98563083,0,1,1,16,
0911646,BREEDLOVE URSA,DEEP BLUE OPERATING I LLC,101491,317,Martin,10,11/07/2025,11/06/2025,,,,2D,,5500,14,,N,N,N,,,BRISCOE CSL  LGE 256,595,32.4214611,-102.1193861,32.4214611,-102.1193861,1,85280300,0,0,2,4,
0860110,DYER-KILGORE H 25-34,"PIONEER NATURAL RES. USA, INC.",665748,317,Martin,10,01/28/2020,10/24/2025,11/06/2025,,01/28/2020,4308H,W,9500,01,Drill,Y,N,N,5      3,5 T3N,T&P RR CO,96,32.4722362,-101.7948774,32.4442898,-101.7892539,1,85280300,1,1,1,12,
0911529,EPLEY-GLASSCOCK E8J,"PIONEER NATURAL RES. USA, INC.",665748,317,Martin,10,11/05/2025,10/31/2025,,,,210HM,,10505,01,Drill,Y,N,N,3,6 T1N,"T&P RR CO / EPLEY, J F",735,32.2475442,-101.8820015,32.2222684,-101.8728423,1,85280300,0,1,2,28,
0894395,KATHLEEN-FLANAGAN 10B,"PIONEER NATURAL RES. USA, INC.",665748,317,Martin,10,11/14/2023,10/29/2025,11/06/2025,,11/08/2024,102H,,9340,01,Drill,Y,N,N,0      3,7 T1S,"T&P RR CO / DAY, J S",645,32.114227,-101.918662,32.064906,-101.904421,1,85280300,1,1,1,12,
0911648,SAGUARO SWD 2,"STONEHILL MARTIN, LLC",823798,317,Martin,10,11/07/2025,11/06/2025,,,,2,,5200,01,Drill,N,N,N,6      3,7 T1N,"T&P RR CO / EVANS, W H",934,32.1839319,-101.9039462,32.1839319,-101.9039462,1,85280300,1,0,2,4,DESTA DRIVE STE 3700
0902358,SHACKELFORD 29-17K,"PIONEER NATURAL RES. USA, INC.",665748,329,Midland,10,08/30/2024,10/29/2025,11/03/2025,,12/07/2024,11H,,10464,01,Drill,Y,N,N,0      3,8 T3S,"T&P RR CO / GOOD, E C",914,31.8029964,-101.885494,31.8378322,-101.8978127,1,85280300,1,1,1,12,
0911636,COBRA 15-22,BAYSWATER OPERATING COMPANY LLC,058827,335,Mitchell,10,11/07/2025,11/05/2025,,,,H  3W,,7100,01,Drill,Y,N,N,0      2,9 T1N,"T&P RR CO / FOUCH, W S",1344,32.407413,-101.1476918,32.3901339,-101.1411822,1,85280300,0,1,1,16,0 17TH ST STE 500
0911569,ENDLESS DUNE 10-3,BAYSWATER OPERATING COMPANY LLC,058827,335,Mitchell,10,11/06/2025,11/03/2025,,,,H  3W,,7100,01,Drill,Y,N,N,0      2,9 T1N,"T&P RR CO / FOUCH, W S",1344,32.4073996,-101.1477545,32.434418,-101.1569409,1,85280300,0,1,1,16,0 17TH ST STE 500
0911452,MANGHAM UNIT,"SHERIDAN PRODUCTION CO III, LLC",775851,365,Panola,06,11/03/2025,10/28/2025,,,,23,,9670,14,,N,N,N,,,"ROBERTS, G B",565,32.2147204,-94.3352264,32.2147204,-94.3352264,1,16032928,1,0,1,4,
0911473,DJT 45,MBX OPERATING LLC,101199,371,Pecos,10,11/04/2025,10/29/2025,,,,1H,,10400,01,Drill,Y,N,N,O,W,"GC&SF RR CO/DUNLAP, A H",8404,31.07143,-103.007205,31.0433654,-103.0099541,1,41911500,0,1,2,16,
0911474,DJT 47,MBX OPERATING LLC,101199,371,Pecos,10,11/04/2025,10/29/2025,,,,1H,,10400,01,Drill,Y,N,N,O,W,"GC&SF RR CO/DUNLAP, A H",8404,31.071429,-103.007301,31.0433531,-103.0134674,1,41911500,0,1,2,16,
0911511,BIVINS,KING OPERATING CORPORATION,465296,375,Potter,14,11/05/2025,10/30/2025,,,,1041S,,11000,01,Drill,Y,N,N,04     4,7,"H&TC RR CO/MORRIS, J",1313,35.521475,-102.1425861,35.5020088,-102.1425328,1,08490750,1,1,1,16,BOX 470578
0911513,BIVINS,KING OPERATING CORPORATION,465296,375,Potter,14,11/07/2025,10/30/2025,,,,1042N,,11000,01,Drill,Y,N,N,04     4,7,"H&TC RR CO/MORRIS, J",1313,35.5215028,-102.1424556,35.5471896,-102.142529,1,08490750,1,1,1,16,BOX 470578
0911461,BODINE A2 10,"HANNATHON PETROLEUM II, LLC",101136,383,Reagan,09,11/04/2025,10/29/2025,,,,10H,,10000,01,Drill,Y,N,N,L,,"BARTON, J R / B&B",19,31.6435817,-101.3722245,31.6085784,-101.3735395,1,85279200,1,1,1,21,00 N BIG SPRING ST               SU
0911619,BODINE E2 07,"HANNATHON PETROLEUM II, LLC",101136,383,Reagan,09,11/07/2025,11/05/2025,,,,7H,,9000,01,Drill,Y,N,N,0      2,,"T&P RR CO / BILLINGS, C M",34,31.6230707,-101.311865,31.5934363,-101.3111848,1,85279200,1,1,1,16,00 N BIG SPRING ST               SU
0911620,BODINE E2 08,"HANNATHON PETROLEUM II, LLC",101136,383,Reagan,09,11/07/2025,11/05/2025,,,,8H,,9000,01,Drill,Y,N,N,0      2,,"T&P RR CO / BILLINGS, C M",34,31.6230707,-101.3117848,31.5934262,-101.3090606,1,85279200,1,1,1,16,00 N BIG SPRING ST               SU
0897104,REV CON STATE T8-50-17,CHEVRON U. S. A. INC.,148113,389,Reeves,10,03/11/2024,11/05/2025,11/07/2025,,05/08/2024,0041WA,,10800,01,Drill,Y,N,N,7      5,0 T8S,T&P RR CO,718,31.1470406,-103.3535727,31.125729,-103.3858757,1,98359800,1,1,2,12,
0897106,REV CON STATE T8-50-17,CHEVRON U. S. A. INC.,148113,389,Reeves,10,03/11/2024,11/05/2025,11/07/2025,,05/10/2024,0043WA,,10800,01,Drill,Y,N,N,7      5,0 T8S,T&P RR CO,718,31.1470436,-103.3534457,31.1169347,-103.3862387,1,98359800,1,1,2,12,
0897107,REV CON STATE T8-50-17,CHEVRON U. S. A. INC.,148113,389,Reeves,10,02/14/2024,11/05/2025,11/07/2025,,05/12/2024,0044WA,,10800,01,Drill,Y,N,N,7      5,0 T8S,T&P RR CO,718,31.1470446,-103.3533817,31.1285009,-103.3684113,1,98359800,1,1,2,25,
0911376,GODZILLA UNIT,"GREENLAKE ENERGY OPERATING, LLC",331448,389,Reeves,10,11/04/2025,10/26/2025,,,,3812U,,10400,01,Drill,Y,N,N,5,1 T8S,"T&P RR CO / STANBERRY, A O",2747,31.1844143,-103.4608826,31.1853168,-103.4621959,1,41911500,0,1,2,29,
0911362,GODZILLA UNIT,"GREENLAKE ENERGY OPERATING, LLC",331448,389,Reeves,10,11/04/2025,10/24/2025,,,,3816H,,10500,01,Drill,Y,N,N,4      5,1 T7S,"T&P RR CO / FORD, M C",2615,31.1878032,-103.4461691,31.164058,-103.4739985,1,41911500,0,1,2,29,
0911372,GODZILLA UNIT,"GREENLAKE ENERGY OPERATING, LLC",331448,389,Reeves,10,11/04/2025,10/26/2025,,,,3820H,,10500,01,Drill,Y,N,N,4      5,1 T7S,"T&P RR CO / FORD, M C",2615,31.1878032,-103.446008,31.1589591,-103.4739455,1,41911500,0,1,2,29,
0911377,GODZILLA UNIT,"GREENLAKE ENERGY OPERATING, LLC",331448,389,Reeves,10,11/04/2025,10/26/2025,,,,4109U,,10600,01,Drill,Y,N,N,5,1 T8S,"T&P RR CO / STANBERRY, A O",2747,31.1844143,-103.4608048,31.185309,-103.4649396,1,41911500,0,1,2,29,
0911375,GODZILLA UNIT,"GREENLAKE ENERGY OPERATING, LLC",331448,389,Reeves,10,11/04/2025,10/26/2025,,,,4114H,,10600,01,Drill,Y,N,N,5,1 T8S,"T&P RR CO / STANBERRY, A O",2747,31.1844143,-103.4607243,31.1666257,-103.4740252,1,41911500,0,1,2,29,
0911374,GODZILLA UNIT,"GREENLAKE ENERGY OPERATING, LLC",331448,389,Reeves,10,11/04/2025,10/26/2025,,,,4118H,,10600,01,Drill,Y,N,N,4      5,1 T7S,"T&P RR CO / FORD, M C",2615,31.1878032,-103.4460886,31.1615268,-103.4739722,1,41911500,0,1,2,29,
0911364,GODZILLA UNIT,"GREENLAKE ENERGY OPERATING, LLC",331448,389,Reeves,10,11/04/2025,10/24/2025,,,,4516H,,11000,01,Drill,Y,N,N,4      5,1 T7S,"T&P RR CO / FORD, M C",2615,31.1878032,-103.4462469,31.164058,-103.4739985,1,41911500,0,1,2,29,
0911373,GODZILLA UNIT,"GREENLAKE ENERGY OPERATING, LLC",331448,389,Reeves,10,11/04/2025,10/26/2025,,,,4520H,,11000,01,Drill,Y,N,N,4      5,1 T7S,"T&P RR CO / FORD, M C",2615,31.1878032,-103.4459275,31.1589591,-103.4739455,1,41911500,0,1,2,29,
0900507,WILEY POST STATE UNIT,"UPCURVE ENERGY, LLC",878506,389,Reeves,10,06/18/2024,10/08/2025,11/07/2025,,09/01/2024,4H,,11500,01,Drill,Y,N,N,C,9,"PSL/BRANCH, O J",5464,31.3179064,-103.5685719,31.3196882,-103.6010552,1,71052900,1,1,2,25,
0911421,"CANNON, T.P.",BUFFCO PRODUCTION INC.,106406,401,Rusk,06,11/04/2025,10/28/2025,,,,1,,10908,14,,N,N,N,,,"GAMMAGE, T T",349,32.1872782,-94.7803431,32.1872782,-94.7803431,1,78155500,1,0,2,4,
0911638,TEA OLIVE,AETHON ENERGY OPERATING LLC,008555,403,Sabine,06,11/07/2025,11/06/2025,,,,1,,8000,01,Drill,N,N,N,,,"MOTT, J",43,31.399623,-93.923017,31.399623,-93.923017,1,00012001,0,0,2,4,
0910153,SUPER SNAKE C,SILVER HILL ENERGY OPERATING LLC,781863,419,Shelby,06,09/16/2025,10/07/2025,11/07/2025,,,12H,,12500,01,Drill,Y,N,N,,,"HAILEY, A",271,31.7188426,-94.0735778,31.7521307,-94.0722253,1,16032300,1,1,1,16,
0910154,SUPER SNAKE D,SILVER HILL ENERGY OPERATING LLC,781863,419,Shelby,06,09/16/2025,10/07/2025,11/07/2025,,,13H,,12500,01,Drill,Y,N,N,,,"HAILEY, A",271,31.7185922,-94.072719,31.7521307,-94.0722253,1,16032300,1,1,1,16,
0911586,BRIT CLARE 'A',"BASIN OIL & GAS OPERATING, LLC",054430,445,Terry,11,11/06/2025,11/04/2025,,,,16,,8700,01,Drill,N,N,N,2      D,14,"C&M RR CO / JONES, B",869,33.2718107,-102.5643059,33.2718107,-102.5643059,1,87254240,0,0,2,4,
0911622,BRIT CLARE 'A',"BASIN OIL & GAS OPERATING, LLC",054430,445,Terry,11,11/07/2025,11/05/2025,,,,18,,8700,01,Drill,N,N,N,2      D,14,"C&M RR CO / JONES, B",869,33.272521,-102.5670239,33.272521,-102.5670239,1,87254240,0,0,2,4,
0894150,PEGASUS SPRABERRY UNIT,COG OPERATING LLC,166150,461,Upton,09,09/29/2023,10/31/2025,11/04/2025,,12/22/2023,106MH,,8171,01,Drill,Y,N,N,4,1 T5S,T&P RR CO,486,31.5945508,-102.1345373,31.6210967,-102.1449834,1,70279100,1,1,1,16,
0894151,PEGASUS SPRABERRY UNIT,COG OPERATING LLC,166150,461,Upton,09,09/29/2023,10/31/2025,11/05/2025,,12/18/2023,107MH,,12000,01,Drill,Y,N,N,4,1 T5S,T&P RR CO,486,31.5946867,-102.1344486,31.6216449,-102.1427317,1,70279100,1,1,1,16,
0894152,PEGASUS SPRABERRY UNIT,COG OPERATING LLC,166150,461,Upton,09,09/29/2023,11/03/2025,11/06/2025,,12/17/2023,108MH,,8161,01,Drill,Y,N,N,4,1 T5S,T&P RR CO,486,31.5947169,-102.1343251,31.6221754,-102.1404749,1,70279100,1,1,1,16,
0894153,PEGASUS SPRABERRY UNIT,COG OPERATING LLC,166150,461,Upton,09,10/04/2023,11/03/2025,11/07/2025,,12/10/2023,601MH,,8175,01,Drill,Y,N,N,4,0 T5S,T&P RR CO,455,31.5942877,-102.1264755,31.6229117,-102.1374362,1,70279100,1,1,1,16,
0894154,PEGASUS SPRABERRY UNIT,COG OPERATING LLC,166150,461,Upton,09,09/29/2023,11/03/2025,11/06/2025,,12/07/2023,602MH,,8164,01,Drill,Y,N,N,4,0 T5S,T&P RR CO,455,31.5942121,-102.1263168,31.6234998,-102.1350243,1,70279100,1,1,1,16,
0894175,PEGASUS SPRABERRY UNIT,COG OPERATING LLC,166150,461,Upton,09,09/29/2023,11/03/2025,11/05/2025,,10/30/2023,603MH,,8160,01,Drill,Y,N,N,4,0 T5S,T&P RR CO,455,31.5953229,-102.1222315,31.6240876,-102.1326724,1,70279100,1,1,1,16,
0894176,PEGASUS SPRABERRY UNIT,COG OPERATING LLC,166150,461,Upton,09,09/29/2023,10/31/2025,11/04/2025,,11/02/2023,604MH,,8178,01,Drill,Y,N,N,4,0 T5S,T&P RR CO,455,31.5953831,-102.1219844,31.6246844,-102.1302363,1,70279100,1,1,1,16,
0894178,PEGASUS SPRABERRY UNIT,COG OPERATING LLC,166150,461,Upton,09,09/29/2023,11/03/2025,11/05/2025,,11/30/2023,606MH,,8166,01,Drill,Y,N,N,4,0 T5S,T&P RR CO,455,31.5965996,-102.1169963,31.6252917,-102.1278511,1,70279100,1,1,1,16,
0894179,PEGASUS SPRABERRY UNIT,COG OPERATING LLC,166150,461,Upton,09,10/04/2023,11/03/2025,11/06/2025,,11/30/2023,607MH,,8191,01,Drill,Y,N,N,4,0 T5S,T&P RR CO,455,31.5966599,-102.1167492,31.6258037,-102.1255742,1,70279100,1,1,1,16,
0911494,XBC GIDDINGS ESTATE,"PIONEER NATURAL RES. USA, INC.",665748,461,Upton,09,11/03/2025,10/30/2025,,,,4201H,,10478,01,Drill,Y,N,N,1,,GC&SF RR CO,221,31.4524508,-101.9430294,31.4889379,-101.9591134,1,85279200,0,1,1,20,
0911495,XBC GIDDINGS ESTATE,"PIONEER NATURAL RES. USA, INC.",665748,461,Upton,09,11/03/2025,10/30/2025,,,,4202H,,10478,01,Drill,Y,N,N,1,,GC&SF RR CO,221,31.4524746,-101.9429273,31.4892197,-101.9579061,1,85279200,0,1,1,20,
0911496,XBC GIDDINGS ESTATE,"PIONEER NATURAL RES. USA, INC.",665748,461,Upton,09,11/03/2025,10/30/2025,,,,4203H,,10478,01,Drill,Y,N,N,1,,GC&SF RR CO,221,31.4524985,-101.9428252,31.4895738,-101.9563893,1,85279200,0,1,1,20,
0911497,XBC GIDDINGS ESTATE,"PIONEER NATURAL RES. USA, INC.",665748,461,Upton,09,11/03/2025,10/30/2025,,,,4204H,,10478,01,Drill,Y,N,N,1,,GC&SF RR CO,221,31.4525223,-101.942723,31.4898556,-101.9551822,1,85279200,0,1,1,20,
0911498,XBC GIDDINGS ESTATE,"PIONEER NATURAL RES. USA, INC.",665748,461,Upton,09,11/03/2025,10/30/2025,,,,4205H,,10464,01,Drill,Y,N,N,1,,GC&SF RR CO,221,31.454296,-101.9354184,31.4905246,-101.9523159,1,85279200,0,1,1,20,
0911499,XBC GIDDINGS ESTATE,"PIONEER NATURAL RES. USA, INC.",665748,461,Upton,09,11/03/2025,10/30/2025,,,,4206H,,10464,01,Drill,Y,N,N,1,,GC&SF RR CO,221,31.4543867,-101.9354172,31.4914783,-101.9482297,1,85279200,0,1,1,20,
0911500,XBC GIDDINGS ESTATE,"PIONEER NATURAL RES. USA, INC.",665748,461,Upton,09,11/03/2025,10/30/2025,,,,4207H,,10464,01,Drill,Y,N,N,1,,GC&SF RR CO,221,31.4544774,-101.935416,31.4924318,-101.9441435,1,85279200,0,1,1,20,
0911591,BRADEN SWD,"VELOCITY WATER SOLUTIONS, LP",884481,461,Upton,09,11/07/2025,11/04/2025,,,,1,,5215,01,Drill,N,N,N,7      3,7 T5S,T&P RR CO,389,31.6429504,-101.8056776,31.6429504,-101.8056776,1,85280300,0,0,2,4,1 CONGRESS AVE STE 500
0909709,SWAPS 146-37 A,"MANTI TARKA PERMIAN OP, LLC",524907,475,Ward,10,08/08/2025,10/07/2025,11/07/2025,,,1HA,,11500,01,Drill,Y,N,N,45     3,4,H&TC RR CO,250,31.515575,-103.253304,31.533339,-103.238873,1,71052900,1,1,2,31,
0909710,SWAPS 146-37 B,"MANTI TARKA PERMIAN OP, LLC",524907,475,Ward,10,08/08/2025,10/07/2025,11/07/2025,,,2HA,,11500,01,Drill,Y,N,N,45     3,4,H&TC RR CO,250,31.51553,-103.253243,31.529687,-103.237678,1,71052900,1,1,2,32,
0909711,SWAPS 146-37 C,"MANTI TARKA PERMIAN OP, LLC",524907,475,Ward,10,08/08/2025,10/07/2025,11/07/2025,,,3HA,,11500,01,Drill,Y,N,N,45     3,4,H&TC RR CO,250,31.515484,-103.253183,31.526112,-103.236405,1,71052900,1,1,2,32,
0909712,SWAPS 146-37 D,"MANTI TARKA PERMIAN OP, LLC",524907,475,Ward,10,08/08/2025,10/07/2025,11/07/2025,,,4HA,,11500,01,Drill,Y,N,N,45     3,4,H&TC RR CO,250,31.511403,-103.247752,31.523765,-103.23388,1,71052900,1,1,2,32,
0911552,G-B MINERALS,"EOG RESOURCES, INC.",253162,479,Webb,04,11/07/2025,11/03/2025,,,,106H,,14500,01,Drill,Y,N,N,402,,"GC&SF RR CO/WALKER, S W",2089,27.7840802,-99.3927833,27.7668194,-99.370705,1,39744250,0,1,2,16,
0911553,G-B MINERALS,"EOG RESOURCES, INC.",253162,479,Webb,04,11/07/2025,11/03/2025,,,,107H,,14600,01,Drill,Y,N,N,402,,"GC&SF RR CO/WALKER, S W",2089,27.7843694,-99.3929722,27.7670556,-99.3660778,1,39744250,0,1,1,16,
0911554,G-B MINERALS,"EOG RESOURCES, INC.",253162,479,Webb,04,11/07/2025,11/03/2025,,,,108H,,14650,01,Drill,Y,N,N,402,,"GC&SF RR CO/WALKER, S W",2089,27.7843694,-99.39285,27.7681556,-99.3615361,1,39744250,0,1,2,16,
0911559,G-B MINERALS,"EOG RESOURCES, INC.",253162,479,Webb,04,11/07/2025,11/03/2025,,,,305H,,15000,01,Drill,Y,N,N,402,,"GC&SF RR CO/WALKER, S W",2089,27.7843695,-99.3930361,27.7670306,-99.3687667,1,39744500,0,1,3,16,
0911561,G-B MINERALS,"EOG RESOURCES, INC.",253162,479,Webb,04,11/07/2025,11/03/2025,,,,306H,,15000,01,Drill,Y,N,N,402,,"GC&SF RR CO/WALKER, S W",2089,27.7843694,-99.3929111,27.7670806,-99.3633889,1,39744500,0,1,3,16,
0911588,HACHAR 'A',"EOG RESOURCES, INC.",253162,479,Webb,04,11/07/2025,11/04/2025,,,,107H,,14700,01,Drill,Y,N,N,2,,"SANCHEZ, S",278,27.7014861,-99.4441278,27.6923611,-99.4110806,1,39744250,0,1,2,16,
0911589,HACHAR 'A',"EOG RESOURCES, INC.",253162,479,Webb,04,11/07/2025,11/04/2025,,,,108H,,14600,01,Drill,Y,N,N,2,,"SANCHEZ, S",278,27.7014417,-99.4442417,27.6909,-99.414925,1,39744250,0,1,2,16,
0911590,HACHAR 'A',"EOG RESOURCES, INC.",253162,479,Webb,04,11/07/2025,11/04/2025,,,,300H,,14900,01,Drill,Y,N,N,2,,"SANCHEZ, S",278,27.7015083,-99.4440722,27.6930917,-99.4091611,1,39744500,0,1,3,16,
0906587,MATRIX CASPIAN B,"ESCONDIDO RESOURCES OPER CO, LLC",254231,479,Webb,04,04/25/2025,10/27/2025,11/03/2025,,,107H,,12000,01,Drill,Y,N,N,389,,BS&F,408,27.904352,-99.4493053,27.9305869,-99.4586179,1,39744250,1,1,2,24,
0911180,MATRIX CASPIAN BB,"ESCONDIDO RESOURCES OPER CO, LLC",254231,479,Webb,04,11/07/2025,10/15/2025,,,,64H,,12000,01,Drill,Y,N,N,389,,BS&F,408,27.9047142,-99.4391776,27.9323177,-99.4574661,1,39744500,0,1,2,21,
0911623,BRASK,"LEWIS PETRO PROPERTIES, INC.",499978,479,Webb,04,11/07/2025,11/05/2025,,,,100H,,9000,01,Drill,Y,N,N,045,,LI&A ASSOC,372,27.9692139,-99.9014639,27.9683191,-99.9308377,1,39744500,1,1,2,16,
0911624,BRASK,"LEWIS PETRO PROPERTIES, INC.",499978,479,Webb,04,11/07/2025,11/05/2025,,,,1000H,,9000,01,Drill,Y,N,N,045,,LI&A ASSOC,372,27.9692556,-99.9014556,27.966943,-99.9309162,1,39744250,1,1,2,16,
0910830,SHIELD MAIDEN 3UA,"BLACKBEARD OPERATING, LLC",073056,495,Winkler,10,11/07/2025,10/01/2025,,,,340H,,7999,01,Drill,Y,N,N,7      A,,G&MMB&A,42,31.6896306,-102.9152194,31.6689972,-102.9046056,1,62417110,0,1,2,16,
0911618,MASKED RIDER 361 A,"RING ENERGY, INC.",712382,501,Yoakum,11,11/07/2025,11/05/2025,,,,5XH,,6500,01,Drill,Y,N,N,61     D,,"GIBSON, J H",316,33.216929,-102.994875,33.2407255,-102.9949061,1,71823666,0,1,2,16,
